number,title
0,COVID-19: Handling the Situation as a Fully Remote Company
1,Extracting clean article HTML with News API
2,Job Postings Beta API: Extract Job Postings at Scale
3,Building spiders made easy: GUI For Your Scrapy Shell
4,How To Scrape The Web Without Getting Blocked
5,News Web Data Extraction to Predict Irish Election Results
6,Introducing Crawlera free trials & new plans
7,Best Recruitment Tips: How to Scout Top Talent
8,Looking Back at 2019
9,How to use a proxy in Puppeteer
